lot,internal_id,title,description,category,snapshot_bid_usd,photo_count,close_utc,indicative_resale_low_usd,indicative_resale_high_usd,conditional_max_hammer_usd,risk_flags,review_note,review_status,first_photo_url,photo_review_status,photo_findings,photo_review_sheet,historical_unverified_resale_low_usd,historical_unverified_resale_high_usd,historical_unverified_max_hammer_usd,market_research_status,market_evidence_urls,market_research_notes,market_research_date_utc,priority
9860,1799681,"(1) New Holland 311 Square Baler, Hayliner, 540 PTO, 14"" x 18"" bale, SN 661277","(1) New Holland 311 Square Baler, Hayliner, 540 PTO, 14"" x 18"" bale, SN 661277",Hay equipment,5,16,2026-10-13T23:00:00Z,,,,old baler; knotter/needle condition unknown; storage burden,Complete-looking older New Holland 311 in source-photo sheet. Personal-use fit is weak without a haying plan. Pass unless near-free or a specific resale opportunity appears.,Whole-catalog screen complete; live-bid decision pending,,All source photos screened via generated review sheet; individual-original certification not claimed,Complete-looking older New Holland 311 in source-photo sheet. Personal-use fit is weak without a haying plan. Pass unless near-free or a specific resale opportunity appears.,GitHub Actions artifact 11204039391; 9860/review.jpg,,,,Not researched,,,,Low
9861,1799690,"(1) John Deere 1290 Corn head 12 row, 20"" rows, poly snouts, SN H01290X705708 (header cart being sol...","(1) John Deere 1290 Corn head 12 row, 20"" rows, poly snouts, SN H01290X705708 (header cart being sol...",Row-crop equipment,5,14,2026-10-13T23:00:00Z,,,,12-row 20-inch specialized head; transport; chain/auger wear,"Large specialized corn head; poly appears generally straight, but not aligned with current equipment or acreage. Pass.",Whole-catalog screen complete; live-bid decision pending,,All source photos screened via generated review sheet; individual-original certification not claimed,"Large specialized corn head; poly appears generally straight, but not aligned with current equipment or acreage. Pass.",GitHub Actions artifact 11204039391; 9861/review.jpg,,,,Not researched,,,,Low
9862,1799689,"(1) Meyer Industrial SXI865 tandem axle manure spreader, 865BV, dual vertical expellers, 28L-26 tire...","(1) Meyer Industrial SXI865 tandem axle manure spreader, 865BV, dual vertical expellers, 28L-26 tire...",Manure equipment,5,25,2026-10-13T23:00:00Z,,,,large tandem spreader; PTO/gearbox/expeller wear; transport,Complete-looking Meyer SXI865 with dual vertical expellers. Commercial-scale dairy equipment; pass for personal use.,Whole-catalog screen complete; live-bid decision pending,,All source photos screened via generated review sheet; individual-original certification not claimed,Complete-looking Meyer SXI865 with dual vertical expellers. Commercial-scale dairy equipment; pass for personal use.,GitHub Actions artifact 11204039391; 9862/review.jpg,,,,Not researched,,,,Low
9863,1799688,"(1) Supreme 700T Vertical feed mixer wagon, single axle, 1000 PTO, central city scale model 640, SN ...","(1) Supreme 700T Vertical feed mixer wagon, single axle, 1000 PTO, central city scale model 640, SN ...",Feed equipment,5,20,2026-10-13T23:00:00Z,,,,large mixer; auger/scale/PTO wear; transport,Supreme 700T appears largely complete but is commercial dairy scale. Pass unless resale pricing becomes exceptionally low.,Whole-catalog screen complete; live-bid decision pending,,All source photos screened via generated review sheet; individual-original certification not claimed,Supreme 700T appears largely complete but is commercial dairy scale. Pass unless resale pricing becomes exceptionally low.,GitHub Actions artifact 11204039391; 9863/review.jpg,,,,Not researched,,,,Low
9864,1799687,"(1) Stoitzfus tandem axle fertilizer spreader, model TSWLSOM2CT, PTO driven, steel box, double spinn...","(1) Stoitzfus tandem axle fertilizer spreader, model TSWLSOM2CT, PTO driven, steel box, double spinn...",Fertilizer equipment,5,19,2026-10-13T23:00:00Z,,,,heavy steel-box corrosion; drivetrain wear,Stoltzfus spreader shows substantial corrosion. Pass.,Whole-catalog screen complete; live-bid decision pending,,All source photos screened via generated review sheet; individual-original certification not claimed,Stoltzfus spreader shows substantial corrosion. Pass.,GitHub Actions artifact 11204039391; 9864/review.jpg,,,,Not researched,,,,Low
9865,1799686,"(1) Chandler tandem axle fertilizer spreader, stainless box, double spinners, hydraulic drive, appro...","(1) Chandler tandem axle fertilizer spreader, stainless box, double spinners, hydraulic drive, appro...",Fertilizer equipment,5,19,2026-10-13T23:00:00Z,,,,spinner/conveyor corrosion; hydraulic condition; transport,Stainless Chandler box is materially better than lot 9864. Resale sleeper only if bidding stays unusually low; weak personal-use fit.,Whole-catalog screen complete; live-bid decision pending,,All source photos screened via generated review sheet; individual-original certification not claimed,Stainless Chandler box is materially better than lot 9864. Resale sleeper only if bidding stays unusually low; weak personal-use fit.,GitHub Actions artifact 11204039391; 9865/review.jpg,,,,Not researched,,,,Medium
9866,1799685,"(1) Brillion SST-144 Sure stand seeder, 12', 3 PT","(1) Brillion SST-144 Sure stand seeder, 12', 3 PT",Seeder,5,16,2026-10-13T23:00:00Z,,,2500,12-ft 3-point implement; tractor requirement; chain/bearing/box condition,Brillion SST-144 looks straight and largely complete in source-photo review. Useful future pasture/food-plot tool only with adequate tractor; otherwise a legitimate resale sleeper.,Whole-catalog screen complete; live-bid decision pending,,All source photos screened via generated review sheet; individual-original certification not claimed,Brillion SST-144 looks straight and largely complete in source-photo review. Useful future pasture/food-plot tool only with adequate tractor; otherwise a legitimate resale sleeper.,GitHub Actions artifact 11204039391; 9866/review.jpg,,,,Researched; one strong Michigan sold comp plus current market context,https://www.proxibid.com/Sykora-Auction-Service/EBERHART-BEEF-FARMS-CLARE-MI/event-catalog/254473 | https://tractorzoom.com/equipment/1993-brillion-sst-144-dabd64c5-5f1c-4b86-a273-0ac292a53430,"Michigan rebuilt pull-type SST-144 sold $4,200; current 1993 used asking example $7,500. Current lot is 3-point and condition/spec differs, so $2,500 is an opportunistic ceiling, not a comp-derived fair value.",2026-10-01,High
9867,1799684,"(1) Farmhand F89B Grinder blower, 1000 PTO, SN 572","(1) Farmhand F89B Grinder blower, 1000 PTO, SN 572",Feed equipment,5,13,2026-10-13T23:00:00Z,,,,heavy rust; separate chute/components; old tires,Farmhand grinder blower is weathered and specialized. Pass.,Whole-catalog screen complete; live-bid decision pending,,All source photos screened via generated review sheet; individual-original certification not claimed,Farmhand grinder blower is weathered and specialized. Pass.,GitHub Actions artifact 11204039391; 9867/review.jpg,,,,Not researched,,,,Low
9868,1799683,"(1) Snow pusher blade, loader quick attach mount, 152""","(1) Snow pusher blade, loader quick attach mount, 152""",Snow equipment,5,13,2026-10-13T23:00:00Z,,,,152-inch loader scale; wrong quick-attach/size for skid steer,Very large loader snow pusher. Wrong scale for present needs. Pass.,Whole-catalog screen complete; live-bid decision pending,,All source photos screened via generated review sheet; individual-original certification not claimed,Very large loader snow pusher. Wrong scale for present needs. Pass.,GitHub Actions artifact 11204039391; 9868/review.jpg,,,,Not researched,,,,Low
9869,1799682,"(1) Brillion CC 500 5-shank ripper, 3 PT, compaction commander, SN 270895","(1) Brillion CC 500 5-shank ripper, 3 PT, compaction commander, SN 270895",Tillage,5,17,2026-10-13T23:00:00Z,,,,large-tractor requirement; worn points; old tires,"Brillion CC500 ripper looks generally complete, but requires tractor capability well beyond current immediate needs. Pass.",Whole-catalog screen complete; live-bid decision pending,,All source photos screened via generated review sheet; individual-original certification not claimed,"Brillion CC500 ripper looks generally complete, but requires tractor capability well beyond current immediate needs. Pass.",GitHub Actions artifact 11204039391; 9869/review.jpg,,,,Not researched,,,,Low
9870,1799691,"(1) Unverferth HT30 header cart, 30' heads, extendable tongue, 22.5x8.0-12 tires, light kit, SN ASI5...","(1) Unverferth HT30 header cart, 30' heads, extendable tongue, 22.5x8.0-12 tires, light kit, SN ASI5...",Header transport,5,13,2026-10-13T23:00:00Z,,,,specialized use; tire/bearing/light condition,Unverferth HT30 appears reasonably straight but has no personal-use case. Pass.,Whole-catalog screen complete; live-bid decision pending,,All source photos screened via generated review sheet; individual-original certification not claimed,Unverferth HT30 appears reasonably straight but has no personal-use case. Pass.,GitHub Actions artifact 11204039391; 9870/review.jpg,,,,Not researched,,,,Low
9871,1799692,(4) 100 lb. propane cylinders,(4) 100 lb. propane cylinders,Propane,5,5,2026-10-13T23:00:00Z,,,100,heavy exterior rust; qualification dates unreadable; possible rejection/requalification,"Four 100-lb cylinders are useful in principle, but visible rust and unreadable stamps make this bargain-only. Treat some cylinders as possible scrap until inspected.",Whole-catalog screen complete; live-bid decision pending,,All source photos screened via generated review sheet; individual-original certification not claimed,"Four 100-lb cylinders are useful in principle, but visible rust and unreadable stamps make this bargain-only. Treat some cylinders as possible scrap until inspected.",GitHub Actions artifact 11204039391; 9871/review.jpg,,,,Not researched,,,,Medium
9872,1799693,"(1) Fuel tank, approx. 300 gallons, gas boy electric pump, will need a hose and nozzle.","(1) Fuel tank, approx. 300 gallons, gas boy electric pump, will need a hose and nozzle.",Fuel storage,5,7,2026-10-13T23:00:00Z,200,350,250,underside/seam corrosion; unknown prior fuel; pump untested; hose/nozzle missing,Approx. 300-gal tank and skid look serviceable from visible angles; Gasboy pump is weathered. Strong cheap personal-use lot if underside is sound.,Whole-catalog screen complete; live-bid decision pending,,All source photos screened via generated review sheet; individual-original certification not claimed,Approx. 300-gal tank and skid look serviceable from visible angles; Gasboy pump is weathered. Strong cheap personal-use lot if underside is sound.,GitHub Actions artifact 11204039391; 9872/review.jpg,,,,Researched; comparable completed sale found,https://hibid.com/illinois/lot/165048633/300-gallon-fuel-tank-w--gas-boy-pump,"Comparable 300-gal tank with Gasboy pump sold $305 in Aug 2023. Current pump needs hose/nozzle and is unverified, so target below that result.",2026-10-01,High
9873,1799694,"(1) Poly cone type tank with stand, approx. 1500 gallons","(1) Poly cone type tank with stand, approx. 1500 gallons",Liquid storage,5,7,2026-10-13T23:00:00Z,,,350,unknown prior contents; outlet/cone crack risk; transport,1500-gal cone-bottom poly tank and stand look reasonably intact. Useful only if prior contents are acceptable. Do not assume potable/livestock suitability.,Whole-catalog screen complete; live-bid decision pending,,All source photos screened via generated review sheet; individual-original certification not claimed,1500-gal cone-bottom poly tank and stand look reasonably intact. Useful only if prior contents are acceptable. Do not assume potable/livestock suitability.,GitHub Actions artifact 11204039391; 9873/review.jpg,,,,Not researched,,,,Medium
9874,1799695,"(1) Poly tank, approx. 1900 gallons with valves.","(1) Poly tank, approx. 1900 gallons with valves.",Liquid storage,5,5,2026-10-13T23:00:00Z,,,200,UV age; unknown contents; top opening; awkward transport,1900-gal vertical poly tank appears intact in overview but is weathered and very bulky. Opportunistic only.,Whole-catalog screen complete; live-bid decision pending,,All source photos screened via generated review sheet; individual-original certification not claimed,1900-gal vertical poly tank appears intact in overview but is weathered and very bulky. Opportunistic only.,GitHub Actions artifact 11204039391; 9874/review.jpg,,,,Not researched,,,,Low
9875,1799696,"(1) Like new, Brent 782 grain cart axle with rims and tires, Firestone 30.5L-32 tires, grain cart w...","(1) Like new, Brent 782 grain cart axle with rims and tires, Firestone 30.5L-32 tires, grain cart w...",Grain-cart parts,5,13,2026-10-13T23:00:00Z,,,,specialized buyer; tire age/checking; awkward transport,Brent axle/rims with large Firestone tires may have resale value to the right buyer; no direct personal-use case. Watch only if very cheap.,Whole-catalog screen complete; live-bid decision pending,,All source photos screened via generated review sheet; individual-original certification not claimed,Brent axle/rims with large Firestone tires may have resale value to the right buyer; no direct personal-use case. Watch only if very cheap.,GitHub Actions artifact 11204039391; 9875/review.jpg,,,,Not researched,,,,Medium
3323,1811448,"Ingersoll Rand 25T air compressor. 230/460 volts, 25 hp electric motor.","Ingersoll Rand 25T air compressor. 230/460 volts, 25 hp electric motor.",Shop equipment,5,0,2026-10-13T23:30:00Z,,,,no source photos; 25-hp 230/460V electrical requirement; unknown operation,"Ingersoll Rand 25T could be valuable industrial equipment, but no auction photos and power requirements make it a poor current fit. Pass.",Whole-catalog screen complete; live-bid decision pending,,All source photos screened via generated review sheet; individual-original certification not claimed,"Ingersoll Rand 25T could be valuable industrial equipment, but no auction photos and power requirements make it a poor current fit. Pass.",GitHub Actions artifact 11204039391; 3323/no review sheet,,,,Not researched,,,,Low
9853,1799711,"(4) assorted floor cranes, four posts, four overhead beams, only one has a hoist, Budget 1 ton elect...","(4) assorted floor cranes, four posts, four overhead beams, only one has a hoist, Budget 1 ton elect...",Shop lifting,5,10,2026-10-13T23:30:00Z,,,1250,crane ratings unknown; anchor/foundation requirements; trolley/pivot/electrical completeness,Four substantial floor-mounted jib-crane assemblies plus one Budget 1-ton electric hoist. Photos suggest meaningful hardware is present and no obvious bent major members. Strong future-shop bargain only if ratings/completeness can be verified.,Whole-catalog screen complete; live-bid decision pending,,All source photos screened via generated review sheet; individual-original certification not claimed,Four substantial floor-mounted jib-crane assemblies plus one Budget 1-ton electric hoist. Photos suggest meaningful hardware is present and no obvious bent major members. Strong future-shop bargain only if ratings/completeness can be verified.,GitHub Actions artifact 11204039391; 9853/review.jpg,,,,Personal-use utility ceiling only; market evidence insufficient,,"No defensible exact-system completed-sale comp established. Ceiling reflects installation/storage burden and uncertainty, not appraised market value.",2026-10-01,High
9876,1799697,"Assorted John Deere planter parts, off John Deere 1790","Assorted John Deere planter parts, off John Deere 1790",Planter parts,5,12,2026-10-13T23:30:00Z,,,,specialized John Deere 1790 parts; incomplete-set risk,Specialized planter parts. Pass.,Whole-catalog screen complete; live-bid decision pending,,All source photos screened via generated review sheet; individual-original certification not claimed,Specialized planter parts. Pass.,GitHub Actions artifact 11204039391; 9876/review.jpg,,,,Not researched,,,,Low
9877,1799698,"(1) Frontier Defacer, skid steer mount, approx. 7'","(1) Frontier Defacer, skid steer mount, approx. 7'",Silage attachment,5,7,2026-10-13T23:30:00Z,,,,specialized defacer; hydraulic condition,Frontier skid-steer defacer appears complete but has little personal-use fit. Pass unless resale price is negligible.,Whole-catalog screen complete; live-bid decision pending,,All source photos screened via generated review sheet; individual-original certification not claimed,Frontier skid-steer defacer appears complete but has little personal-use fit. Pass unless resale price is negligible.,GitHub Actions artifact 11204039391; 9877/review.jpg,,,,Not researched,,,,Low
9878,1799699,"(1) Rainbow towable irrigation pump, model 10855, John Deere 6-cylinder diesel, Berkeley pump, pin h...","(1) Rainbow towable irrigation pump, model 10855, John Deere 6-cylinder diesel, Berkeley pump, pin h...",Irrigation,5,13,2026-10-13T23:30:00Z,,,,large diesel pump; unknown pump/engine condition; old tires; oversized,Rainbow/John Deere irrigation pump is far larger than current likely needs. Resale-only if extreme bargain.,Whole-catalog screen complete; live-bid decision pending,,All source photos screened via generated review sheet; individual-original certification not claimed,Rainbow/John Deere irrigation pump is far larger than current likely needs. Resale-only if extreme bargain.,GitHub Actions artifact 11204039391; 9878/review.jpg,,,,Not researched,,,,Low
9879,1799712,"JLG 40H Rough Terrain Man Lift 40' max height, 33' max horizontonal reach, 1000 lb. max capacity, De...","JLG 40H Rough Terrain Man Lift 40' max height, 33' max horizontonal reach, 1000 lb. max capacity, De...",Aerial lift,100,24,2026-10-13T23:30:00Z,4000,5500,4250,old aerial lift; hydraulic/cylinder drift; controls/interlocks; transport and safety,"JLG 40H appears substantially complete and OrbitBid says it runs/operates. High farm/building utility, but one hydraulic/control fault can erase the bargain. Inspection before bidding is essential.",Whole-catalog screen complete; live-bid decision pending,,All source photos screened via generated review sheet; individual-original certification not claimed,"JLG 40H appears substantially complete and OrbitBid says it runs/operates. High farm/building utility, but one hydraulic/control fault can erase the bargain. Inspection before bidding is essential.",GitHub Actions artifact 11204039391; 9879/review.jpg,,,,Researched; multiple completed JLG 40H sales,https://www.purplewave.com/auction/250806/item/DK6986/1998-JLG-40H-Aerial_Lifts-Boom_Lift-Texas | https://www.purplewave.com/inventory/construction-equipment/aerial-lifts/boom-lifts/jlg/40/for-sale,"2025 1998 40H, 2,965h, 4WD sold $4,400. 2024 diesel 40H, 4,086h, engine runs but machine will not move sold $4,180; 2026 non-operational 40H sold $660. Older functional examples sold substantially higher. $4,250 absolute ceiling assumes successful functional inspection.",2026-10-01,High
9880,1799700,"(1) Case International True-Tandem 330 turbo high speed vertical tillage, 3 section, rolling baskets...","(1) Case International True-Tandem 330 turbo high speed vertical tillage, 3 section, rolling baskets...",Tillage,5,26,2026-10-13T23:30:00Z,,,,large 3-section implement; disc/bearing/hydraulic wear; transport,Case IH 330 is commercial-scale tillage equipment. Pass for personal use.,Whole-catalog screen complete; live-bid decision pending,,All source photos screened via generated review sheet; individual-original certification not claimed,Case IH 330 is commercial-scale tillage equipment. Pass for personal use.,GitHub Actions artifact 11204039391; 9880/review.jpg,,,,Not researched,,,,Low
9881,1799701,Benson Dump Trailer Tandem axle aluminum with 3rd front lift axle.,Benson Dump Trailer Tandem axle aluminum with 3rd front lift axle.,Semi trailer,100,20,2026-10-13T23:30:00Z,,,,commercial semi trailer; underframe/landing gear corrosion; title/tires,Aluminum dump semi has no sensible role with current tow equipment. Pass.,Whole-catalog screen complete; live-bid decision pending,,All source photos screened via generated review sheet; individual-original certification not claimed,Aluminum dump semi has no sensible role with current tow equipment. Pass.,GitHub Actions artifact 11204039391; 9881/review.jpg,,,,Not researched,,,,Low
9882,1799702,"(1) Case RPW off set disc, approx. 16'","(1) Case RPW off set disc, approx. 16'",Tillage,5,17,2026-10-13T23:30:00Z,,,,large tractor requirement; disc/bearing/hydraulic wear,16-ft offset disc is wrong scale for present equipment. Pass.,Whole-catalog screen complete; live-bid decision pending,,All source photos screened via generated review sheet; individual-original certification not claimed,16-ft offset disc is wrong scale for present equipment. Pass.,GitHub Actions artifact 11204039391; 9882/review.jpg,,,,Not researched,,,,Low
9883,1799703,"Bobcat S630 Rubber Tire Skid Steer ,AUX hydraulics, hyraulic quick attach, Cab missing door and left...","Bobcat S630 Rubber Tire Skid Steer ,AUX hydraulics, hyraulic quick attach, Cab missing door and left...",Skid steer,100,26,2026-10-13T23:30:00Z,,,7000,"8,826h; missing door/glass; heavy wear/rust; no bucket; hydraulic/wheel-motor risk",Rough S630 backup candidate only. Must sell materially below lot 9885.,Whole-catalog screen complete; live-bid decision pending,,All source photos screened via generated review sheet; individual-original certification not claimed,Rough S630 backup candidate only. Must sell materially below lot 9885.,GitHub Actions artifact 11204039391; 9883/review.jpg,,,,Market context from comparable S630 sale; condition discount required,https://www.purplewave.com/auction/251009/item/EA7471/2012-Bobcat-S630-Skid_Steer_Loaders-Skid_Steer_Loader-Texas,"2012 S630 with 7,019h and bucket sold $13,750 Oct 2025. This 8,826h machine is much rougher, missing cab components, and has no bucket; $7,000 is a conservative absolute ceiling pending inspection.",2026-10-01,Medium
9884,1799704,"Bobcat S650 Rubber Tire Skid Steer ,AUX hydraulics, hydraulics quick attach, Cab, 12-16.5 tires, hou...","Bobcat S650 Rubber Tire Skid Steer ,AUX hydraulics, hydraulics quick attach, Cab, 12-16.5 tires, hou...",Skid steer,100,25,2026-10-13T23:30:00Z,,,7000,"believed 11,868h; no bucket; extreme drivetrain/hydraulic-hour risk","S650 presents better cosmetically than 9883, but seller believes meter 1,868 means 11,868 actual hours. Buy strictly as an extreme-hour machine.",Whole-catalog screen complete; live-bid decision pending,,All source photos screened via generated review sheet; individual-original certification not claimed,"S650 presents better cosmetically than 9883, but seller believes meter 1,868 means 11,868 actual hours. Buy strictly as an extreme-hour machine.",GitHub Actions artifact 11204039391; 9884/review.jpg,,,,Researched; completed S650 high-hour comps,https://www.purplewave.com/auction/251218/item/DX5889/2013-Bobcat-S650-Skid_Steer_Loaders-Skid_Steer_Loader-Texas | https://www.usedequipment.newholland.com/inventory/?%2Flisting%2Ffor-sale%2F230994281%2F2013-bobcat-s650-wheel-skid-steers%3Fdlr=1&dgn=NewHolland&settingscrmid=18847840,"2013 S650 7,868h with non-operational parking brake sold $9,460 Dec 2025; Michigan 2013 S650 6,996h sold $10,600 Nov 2024. Current unit's presumed 11,868h warrants a major discount.",2026-10-01,Medium
9885,1799705,"Bobcat S630 Rubber Tire Skid Steer ,AUX hydraulics, hydraulic quick attach, Cab, missing left side, ...","Bobcat S630 Rubber Tire Skid Steer ,AUX hydraulics, hydraulic quick attach, Cab, missing left side, ...",Skid steer,100,22,2026-10-13T23:30:00Z,9000,12500,10500,"6,953h; no bucket; missing left upper glass; heavy cosmetic wear; hydraulic/wheel-motor/pin risk","Best skid-steer candidate. Source photos show a hard-worked but reasonably straight machine; engine-bay spot-check looked comparatively dry/complete. Oil filter is marked 6,776 hrs / 5-8-26, consistent with recent service and the displayed 6,953h.",Whole-catalog screen complete; live-bid decision pending,,Source-photo review sheet screened; originals 01-04 and 16 individually spot-checked,"Best skid-steer candidate. Source photos show a hard-worked but reasonably straight machine; engine-bay spot-check looked comparatively dry/complete. Oil filter is marked 6,776 hrs / 5-8-26, consistent with recent service and the displayed 6,953h.",GitHub Actions artifact 11204039391; 9885/review.jpg,,,,Researched; close completed S630 sale,https://www.purplewave.com/auction/251009/item/EA7471/2012-Bobcat-S630-Skid_Steer_Loaders-Skid_Steer_Loader-Texas,"2012 S630 with 7,019h, 73-inch bucket, aux hydraulics and manual quick coupler sold $13,750 Oct 2025. Current machine has hydraulic quick attach/cab but no bucket, missing glass and substantial wear. $10,500 is an absolute hammer ceiling only after strong cold-start/drive/hydraulic inspection.",2026-10-01,High
9886,1799706,"(1) Assembled custom built tandem axle skid steer trailer, 10' long x 6' wide deck, ramps, pintle hi...","(1) Assembled custom built tandem axle skid steer trailer, 10' long x 6' wide deck, ramps, pintle hi...",Trailer,100,13,2026-10-13T23:30:00Z,,,,homemade; axle/brake/title ratings unknown; rust; short 10x6 deck,Not a trailer I would trust for a skid steer without substantial verification. Pass.,Whole-catalog screen complete; live-bid decision pending,,All source photos screened via generated review sheet; individual-original certification not claimed,Not a trailer I would trust for a skid steer without substantial verification. Pass.,GitHub Actions artifact 11204039391; 9886/review.jpg,,,,Not researched,,,,Low
9888,1799708,"2000 Ford Single Axle Flatbed Truck Regular cab, CAT diesel, 6 speed manual transmission, 26000 lb. ...","2000 Ford Single Axle Flatbed Truck Regular cab, CAT diesel, 6 speed manual transmission, 26000 lb. ...",Truck,100,31,2026-10-13T23:30:00Z,,,,older commercial truck; ~229k miles; insurance/title/maintenance; transport,2000 Ford CAT/6-speed flatbed is interesting equipment but duplicates current vehicle capability while adding commercial-truck overhead. Pass unless extraordinary bargain.,Whole-catalog screen complete; live-bid decision pending,,All source photos screened via generated review sheet; individual-original certification not claimed,2000 Ford CAT/6-speed flatbed is interesting equipment but duplicates current vehicle capability while adding commercial-truck overhead. Pass unless extraordinary bargain.,GitHub Actions artifact 11204039391; 9888/review.jpg,,,,Not researched,,,,Low
9889,1799710,"1 Ford 900 Single Axle Fertilizer Truck Chandler stainless steel fertilizer box, double spinners, CA...","1 Ford 900 Single Axle Fertilizer Truck Chandler stainless steel fertilizer box, double spinners, CA...",Fertilizer truck,100,32,2026-10-13T23:30:00Z,,,,severe cab/interior corrosion; specialized fertilizer gear; old truck,Ford 900/Chandler fertilizer truck is highly specialized and visibly rough. Pass.,Whole-catalog screen complete; live-bid decision pending,,All source photos screened via generated review sheet; individual-original certification not claimed,Ford 900/Chandler fertilizer truck is highly specialized and visibly rough. Pass.,GitHub Actions artifact 11204039391; 9889/review.jpg,,,,Not researched,,,,Low
9890,1799709,"(1) Leeboy 400 smooth drum vibratory roller, 40"" split front drum, 43"" rear drum, Lombardini 3 cylin...","(1) Leeboy 400 smooth drum vibratory roller, 40"" split front drum, 43"" rear drum, Lombardini 3 cylin...",Compaction,5,18,2026-10-13T23:30:00Z,3200,5000,4000,old hydrostatic machine; vibration system; drum bearings/scrapers; water system; hour-meter plausibility,"LeeBoy 400 survived the photo screen well: complete-looking, straight enough, worn seat/paint but no obvious catastrophic damage. OrbitBid says 540h showing and runs/operates. Strong property-use candidate.",Whole-catalog screen complete; live-bid decision pending,,All source photos screened via generated review sheet; individual-original certification not claimed,"LeeBoy 400 survived the photo screen well: complete-looking, straight enough, worn seat/paint but no obvious catastrophic damage. OrbitBid says 540h showing and runs/operates. Strong property-use candidate.",GitHub Actions artifact 11204039391; 9890/review.jpg,,,,Researched; exact older 400 plus newer 400 Super completed sales,https://www.purplewave.com/auction/131206/item/H4186/Lee_Boy-400-Rollers_and_Compaction-Double_Drum_Roller_Compactor-Oklahoma | https://www.purplewave.com/auction/250410/item/DU3363/2011-LeeBoy-400_Super-Rollers_and_Compaction-Double_Drum_Roller_Compactor-Missouri,"Older LeeBoy 400 with same Lombardini 3-cyl sold $3,190 in 2013; 400 Super examples sold $3,960 (2021), $6,600 (2022), and $6,160 (2025). Current non-Super should trade below good Super machines. $4,000 absolute ceiling assumes vibration and hydrostat test well.",2026-10-01,High
