lot,title,category,snapshot_bid_usd,indicative_resale_low_usd,indicative_resale_high_usd,conditional_max_hammer_usd,photo_count,review_note,review_status,first_photo_url,photo_review_status,photo_findings,photo_review_sheet
18523,"Lot of assorted O-ring cases, Gates hydraulic O-ring assortment, Bond fluid air O-ring set, (1) metr...",Power and hydraulics,5,40,120,15,10,O-ring cases; assess actual inventory and age of rubber.,Provisional description-based estimate; all images and sold comps pending,https://d1ljvnrgb7j023.cloudfront.net/files/1/a5f752069636ca0789d5/large,Pending,,
18157,"Lot of assorted torch related items, includes (1) pair of Radnor insulated welding gloves, item #640...",Welding and gas,5,55,145,18,7,"Victor-related torch tips, one boxed consumable, regulators/gauges, and gloves are visible. Regulator age/function and component completeness are unknown; do not assume ready-to-use fuel-gas equipment.",Current-source contact sheet visually reviewed; function/comps unverified,https://d1ljvnrgb7j023.cloudfront.net/files/1/4b80ac8f2fc33e45fd20/large,Contact-sheet reviewed,"Victor-related torch tips, one boxed consumable, regulators/gauges, and gloves are visible. Regulator age/function and component completeness are unknown; do not assume ready-to-use fuel-gas equipment.",review-previews/18157.jpg
18221,"(1) First Jefferson Tool, approx. 4.5"" heavy duty bench vise with rotating base.",General shop tools,5,45,115,18,4,"Red First Jefferson swivel bench vise appears complete but jaws and top edges visibly battered and dirty. Inspect screw action, cracks, jaw alignment and missing detachable hardware.",Source-verified batch 02 visual review; functional/comps pending,https://d1ljvnrgb7j023.cloudfront.net/files/1/38e66db208f0eb87e9cd/large,Batch 02: all catalog images reviewed,"Red First Jefferson swivel bench vise appears complete but jaws and top edges visibly battered and dirty. Inspect screw action, cracks, jaw alignment and missing detachable hardware.",review-previews/batch-02/18221.jpg
18105,"Lot including (1) Lisle Jeepers Creepers, and (1) Pro Gear automotive creeper, and (2) approx. 6-ton...",General industrial surplus,5,45,120,20,5,"Both creepers and a pair of heavily used jack stands are pictured. Creeper covers and casters look worn; the stands have visible oxidation. Test casters and physically inspect stand welds, pins and labels before loading.",Current-source contact sheet visually reviewed; function/comps unverified,https://d1ljvnrgb7j023.cloudfront.net/files/1/139062a0dec7a1036c4e/large,Contact-sheet reviewed,"Both creepers and a pair of heavily used jack stands are pictured. Creeper covers and casters look worn; the stands have visible oxidation. Test casters and physically inspect stand welds, pins and labels before loading.",review-previews/18105.jpg
18127,"(1) oxygen/acetylene torch cart set up with approx. 20' of hose, built-in tool box, approx. 16"" diam...",Welding and gas,5,75,200,20,3,Green tall cylinder and a silver vessel/holder appear on the cart with gauges and hoses. Catalog states oxygen cylinder only; verify identity and legal ownership of every vessel and pressure-test regulators and old hoses.,Current-source contact sheet visually reviewed; function/comps unverified,https://d1ljvnrgb7j023.cloudfront.net/files/1/e92d4897cb04bb3d269c/large,Contact-sheet reviewed,Green tall cylinder and a silver vessel/holder appear on the cart with gauges and hoses. Catalog states oxygen cylinder only; verify identity and legal ownership of every vessel and pressure-test regulators and old hoses.,review-previews/18127.jpg
18148,"Lot of assorted C-clamps, includes (3) 3"", (11) 4"", (3) 5"", (3) 6"", (1) 8"", and (2) 10"" C-clamps.",General industrial surplus,5,55,130,20,6,Mixed C-clamps; check screw threads and jaws.,Provisional description-based estimate; all images and sold comps pending,https://d1ljvnrgb7j023.cloudfront.net/files/1/fc9bb959de28c9cafd21/large,Pending,,
18147,"Lot of Bessey bar clamps, includes (2) approx. 12"", (8) approx. 12"", and (3) approx. 8"", some have b...",Branded hand and power tools,5,60,145,22,6,Many mixed Bessey-style clamps lie loose on the table; some screw hardware shows oxidation and modified handles. Inspect every screw and check whether paired clamping faces close squarely.,Current-source contact sheet visually reviewed; function/comps unverified,https://d1ljvnrgb7j023.cloudfront.net/files/1/67e9dd9351ae3b301a03/large,Contact-sheet reviewed,Many mixed Bessey-style clamps lie loose on the table; some screw hardware shows oxidation and modified handles. Inspect every screw and check whether paired clamping faces close squarely.,review-previews/18147.jpg
18507,"(1) Lawson Products universal internal and external thread restorer, 5-piece combination set, #57588...",General industrial surplus,5,55,150,22,5,Lawson thread restorer set; count components.,Provisional description-based estimate; all images and sold comps pending,https://d1ljvnrgb7j023.cloudfront.net/files/1/1c92eaad50afdccda213/large,Pending,,
18120,"Large lot of assorted extension cords, work lights, and surge strips.",General industrial surplus,5,70,160,25,3,Assorted extension cords; inspect insulation and plugs.,Provisional description-based estimate; all images and sold comps pending,https://d1ljvnrgb7j023.cloudfront.net/files/1/69a320fcfe333dfae853/large,Pending,,
18173,"(1) DeWalt, model DCGG571, 20V, rechargeable, cordless grease gun with (2) battery chargers (batteri...",Branded hand and power tools,5,60,140,25,5,"DeWalt grease gun, black case, chargers and Shell grease are visible. Catalog says no batteries; no powered-operation evidence in images, and condition is dusty.",Current-source contact sheet visually reviewed; function/comps unverified,https://d1ljvnrgb7j023.cloudfront.net/files/1/911ea87ba926c5e3b797/large,Contact-sheet reviewed,"DeWalt grease gun, black case, chargers and Shell grease are visible. Catalog says no batteries; no powered-operation evidence in images, and condition is dusty.",review-previews/18173.jpg
18429,(1) lot of Snap-On green handle screwdrivers.,Snap-On and mechanic tools,5,60,145,25,6,Mixed green and green/black Snap-On-handled screwdrivers photographed loose in box; handles show discoloration and shaft tips require individual inspection.,Current-source contact sheet visually reviewed; function/comps unverified,https://d1ljvnrgb7j023.cloudfront.net/files/1/93158cfad368f149a73b/large,Contact-sheet reviewed,Mixed green and green/black Snap-On-handled screwdrivers photographed loose in box; handles show discoloration and shaft tips require individual inspection.,review-previews/18429.jpg
18522,"(2) Snap-On LED work light, 1 with tripod stand, 1 with handle, both in working condition.",Branded hand and power tools,5,70,170,25,4,"Both Snap-On LED worklights pictured have AC power cords; one has a tripod. Prior battery/charging assumption was incorrect. Catalog claims working; inspect cord insulation, switches and stands.",Current-source contact sheet visually reviewed; function/comps unverified,https://d1ljvnrgb7j023.cloudfront.net/files/1/e6c0fd8be32e8eea589b/large,Contact-sheet reviewed,"Both Snap-On LED worklights pictured have AC power cords; one has a tripod. Prior battery/charging assumption was incorrect. Catalog claims working; inspect cord insulation, switches and stands.",review-previews/18522.jpg
18303,(1) Budgit 1-ton chain hoist.,Rigging and towing,5,95,265,28,6,"Budgit 1-ton electric-looking chain hoist (inspect nameplate and drive type) lies sideways on pallet amid adjacent conveyor equipment; paint is chipped and chain exposed. Hoist/load chain and functional condition unverified, no lifting use without inspection.",Source-verified batch 02 visual review; functional/comps pending,https://d1ljvnrgb7j023.cloudfront.net/files/1/fc7670d95c19fa578dc3/large,Batch 02: all catalog images reviewed,"Budgit 1-ton electric-looking chain hoist (inspect nameplate and drive type) lies sideways on pallet amid adjacent conveyor equipment; paint is chipped and chain exposed. Hoist/load chain and functional condition unverified, no lifting use without inspection.",review-previews/batch-02/18303.jpg
18156,"Large lot of assorted pipe threading and cutting tools, including dies, pipe cutters, (1) reamer, va...",Bulk materials and racking,5,85,235,30,4,"Several pipe cutters, die heads and long threading handles are visible with substantial surface oxidation. This is a mixed working-parts assortment rather than a confirmed complete threading kit.",Current-source contact sheet visually reviewed; function/comps unverified,https://d1ljvnrgb7j023.cloudfront.net/files/1/ef9db441f4f94e83fbed/large,Contact-sheet reviewed,"Several pipe cutters, die heads and long threading handles are visible with substantial surface oxidation. This is a mixed working-parts assortment rather than a confirmed complete threading kit.",review-previews/18156.jpg
18217,Large lot of assorted ratchet straps and tow straps.,Rigging and towing,5,80,200,30,8,"Assorted tie-down straps; only undamaged, labeled straps have load use.",Provisional description-based estimate; all images and sold comps pending,https://d1ljvnrgb7j023.cloudfront.net/files/1/af361ed8017809e12bcf/large,Pending,,
18325,"(1) 3 pt. back blade, 72"".",Farm equipment,5,95,255,30,6,"Six-foot three-point back blade looks rusty but mostly assembled with cylindrical moldboard, A-frame and adjustment hardware. Inspect hitch-point wear, cutting edge and whether angle lock still operates.",Source-verified batch 02 visual review; functional/comps pending,https://d1ljvnrgb7j023.cloudfront.net/files/1/d7515d7f3189e0f2f7f3/large,Batch 02: all catalog images reviewed,"Six-foot three-point back blade looks rusty but mostly assembled with cylindrical moldboard, A-frame and adjustment hardware. Inspect hitch-point wear, cutting edge and whether angle lock still operates.",review-previews/batch-02/18325.jpg
18425,"Set of Snap-On ratcheting combination end wrenches, sizes 3/8"" up to 3/4"", and (1) metric 13/15mm ra...",Snap-On and mechanic tools,5,80,210,30,5,"Only five individual ratcheting box-end wrenches are clearly photographed, some with heavy finish loss. Reconcile photographed quantity with catalog sizes; lower ceiling until exact sizes, matching brand and mechanisms are checked.",Current-source contact sheet visually reviewed; function/comps unverified,https://d1ljvnrgb7j023.cloudfront.net/files/1/40d3d79079aed031f688/large,Contact-sheet reviewed,"Only five individual ratcheting box-end wrenches are clearly photographed, some with heavy finish loss. Reconcile photographed quantity with catalog sizes; lower ceiling until exact sizes, matching brand and mechanisms are checked.",review-previews/18425.jpg
18575,"(1) Snap-On 6"" bench vise, currently mounted to bench, winning bidder responsible for proper dismoun...",Branded hand and power tools,5,110,275,30,6,"Snap-On vise has clear widespread hammering/gouges and heavily marked replaceable jaw faces; visually rougher than generic used condition. Inspect jaw alignment, slide wear and casting cracks; lower previous premium-brand ceiling.",Current-source contact sheet visually reviewed; function/comps unverified,https://d1ljvnrgb7j023.cloudfront.net/files/1/57539bb880dfa65172d8/large,Contact-sheet reviewed,"Snap-On vise has clear widespread hammering/gouges and heavily marked replaceable jaw faces; visually rougher than generic used condition. Inspect jaw alignment, slide wear and casting cracks; lower previous premium-brand ceiling.",review-previews/18575.jpg
18576,"(1) Wilton bench vise, #09-600, 6"" wide jaws, currently bolted to work bench, winning bidder respons...",Branded hand and power tools,5,105,280,30,8,"Blue Wilton six-inch vise has severe jaw-face scoring and rust/old grime, though base and handle appear present. Inspect cracked casting, slide wear and damaged replaceable jaws before assuming it is an economical restoration.",Current-source contact sheet visually reviewed; function/comps unverified,https://d1ljvnrgb7j023.cloudfront.net/files/1/36380b459af4ba5bcb8a/large,Contact-sheet reviewed,"Blue Wilton six-inch vise has severe jaw-face scoring and rust/old grime, though base and handle appear present. Inspect cracked casting, slide wear and damaged replaceable jaws before assuming it is an economical restoration.",review-previews/18576.jpg
18169,"Lot of (2) unused 20' sections of chain with 3/8"" hook on either side.",Rigging and towing,5,80,190,32,5,"Two coils of nominally unused 20-foot hooked chain photographed, with bright steel finishes and loose factory tags. Hook stamping appears grade-marked but exact chain grade/working load must be checked; do not use as certified overhead lifting equipment.",Source-verified batch 02 visual review; functional/comps pending,https://d1ljvnrgb7j023.cloudfront.net/files/1/887b8e57c72eabe9ae99/large,Batch 02: all catalog images reviewed,"Two coils of nominally unused 20-foot hooked chain photographed, with bright steel finishes and loose factory tags. Hook stamping appears grade-marked but exact chain grade/working load must be checked; do not use as certified overhead lifting equipment.",review-previews/batch-02/18169.jpg
18170,"Lot of (2) unused 20' sections of chain with 3/8"" hook on either side.",Rigging and towing,5,80,190,32,5,"Two separate hooked chain coils, one visibly dark and one brighter; tag and hook close-up shown. Exact grade, length and working load not proven by image; inspect every hook/link before any tow service.",Source-verified batch 02 visual review; functional/comps pending,https://d1ljvnrgb7j023.cloudfront.net/files/1/92884200907b4f9fb30b/large,Batch 02: all catalog images reviewed,"Two separate hooked chain coils, one visibly dark and one brighter; tag and hook close-up shown. Exact grade, length and working load not proven by image; inspect every hook/link before any tow service.",review-previews/batch-02/18170.jpg
18171,"Lot of (2) unused 20' sections of chain with 3/8"" hook on either side.",Rigging and towing,5,80,190,32,5,"Two unused-looking coiled hooked chains with visible manufacturer-style hook stamps. Similar to adjacent lots but confirmed separate tag 18171; verify grade, diameter and no bent links.",Source-verified batch 02 visual review; functional/comps pending,https://d1ljvnrgb7j023.cloudfront.net/files/1/226c9c2402951161ffaa/large,Batch 02: all catalog images reviewed,"Two unused-looking coiled hooked chains with visible manufacturer-style hook stamps. Similar to adjacent lots but confirmed separate tag 18171; verify grade, diameter and no bent links.",review-previews/batch-02/18171.jpg
18172,"Lot of (2) unused 20' sections of chain with 3/8"" hook on either side.",Rigging and towing,5,80,190,32,5,"Two separate coiled hooked chains, one with lighter zinc-colored finish; hook close-up appears marked. Verify chain grade and working load rather than assuming hook stamp proves all components.",Source-verified batch 02 visual review; functional/comps pending,https://d1ljvnrgb7j023.cloudfront.net/files/1/34b7069f2d81c03d3198/large,Batch 02: all catalog images reviewed,"Two separate coiled hooked chains, one with lighter zinc-colored finish; hook close-up appears marked. Verify chain grade and working load rather than assuming hook stamp proves all components.",review-previews/batch-02/18172.jpg
18326,"(1) 3 pt. back blade, 84"".",Farm equipment,5,95,270,32,5,Seven-foot three-point rear blade has heavily rusted adjustment plate/hitch and rusty moldboard with a visible worn cutting edge. Confirm hitch pins and adjuster lock; repair may outweigh savings.,Source-verified batch 02 visual review; functional/comps pending,https://d1ljvnrgb7j023.cloudfront.net/files/1/ca05f6173c9dd98f021b/large,Batch 02: all catalog images reviewed,Seven-foot three-point rear blade has heavily rusted adjustment plate/hitch and rusty moldboard with a visible worn cutting edge. Confirm hitch pins and adjuster lock; repair may outweigh savings.,review-previews/batch-02/18326.jpg
18128,"(1) oxygen/acetylene torch cart set up with approx. 20' of hose, 8"" diameter solid wheels, face mask...",Welding and gas,5,100,270,35,5,"Tall green cylinder, cart, coiled hoses, welding shield, gauges and torch are photographed; no acetylene cylinder per catalog. Hose and gauges appear aged. Verify cylinder ownership and leak-test.",Current-source contact sheet visually reviewed; function/comps unverified,https://d1ljvnrgb7j023.cloudfront.net/files/1/bfa1dd367cb03550efc9/large,Contact-sheet reviewed,"Tall green cylinder, cart, coiled hoses, welding shield, gauges and torch are photographed; no acetylene cylinder per catalog. Hose and gauges appear aged. Verify cylinder ownership and leak-test.",review-previews/18128.jpg
18166,"Lot including (1) Harrington 2-ton capacity, (1) Haul Master 3/4-ton capacity, and (1) Yale 1.5-ton ...",Rigging and towing,5,105,280,35,10,"Three branded lever hoists photographed, including a Harrington labeled 2 ton, Yale 1.5 ton and Haul-Master 3/4 ton. Hooks and chains look used and some hook safety latches are not apparent in small photos. Inspected lifting certification required.",Current-source contact sheet visually reviewed; function/comps unverified,https://d1ljvnrgb7j023.cloudfront.net/files/1/657d4cc707ae1a52359d/large,Contact-sheet reviewed,"Three branded lever hoists photographed, including a Harrington labeled 2 ton, Yale 1.5 ton and Haul-Master 3/4 ton. Hooks and chains look used and some hook safety latches are not apparent in small photos. Inspected lifting certification required.",review-previews/18166.jpg
18304,"Lot of (4) approx. 20' chains, (6) snap style chain binders, and (1) ratcheting chain binder, also i...",Rigging and towing,5,110,280,35,5,"Chains, snap and ratcheting binders are visibly tangled with yard tools on a pallet; the photograph does not clearly document grade or completeness of each binder. Count usable pairs and inspect links before bid.",Source-verified batch 02 visual review; functional/comps pending,https://d1ljvnrgb7j023.cloudfront.net/files/1/f42d93cbd9801cca3ea8/large,Batch 02: all catalog images reviewed,"Chains, snap and ratcheting binders are visibly tangled with yard tools on a pallet; the photograph does not clearly document grade or completeness of each binder. Count usable pairs and inspect links before bid.",review-previews/batch-02/18304.jpg
18352,"(1) approx. 1000-gallon fuel tank with a Gas Boy 12V electric pump, hose, and nozzle.",Power and hydraulics,5,150,450,35,10,"Long red 1000-gallon steel tank with Gasboy-type 12V pump/nozzle shows severe exterior paint loss and rust including pump body and end seams. Interior sludge, leakage, pump output, permits and professional move costs dominate value.",Source-verified batch 02 visual review; functional/comps pending,https://d1ljvnrgb7j023.cloudfront.net/files/1/ede6ea37a3c7e3c11f0b/large,Batch 02: all catalog images reviewed,"Long red 1000-gallon steel tank with Gasboy-type 12V pump/nozzle shows severe exterior paint loss and rust including pump body and end seams. Interior sludge, leakage, pump output, permits and professional move costs dominate value.",review-previews/batch-02/18352.jpg
18409,"(1) Snap-On swivel head 1/4"" drive ratchet, and (1) Snap-On swivel head 3/8"" drive ratchet.",Snap-On and mechanic tools,5,85,205,35,5,Two long and short green-grip swivel-head Snap-On ratchets are clearly photographed. Heads and grips look used; pawl engagement and swivel friction cannot be verified visually.,Current-source contact sheet visually reviewed; function/comps unverified,https://d1ljvnrgb7j023.cloudfront.net/files/1/6ba4e54f575609b35cfa/large,Contact-sheet reviewed,Two long and short green-grip swivel-head Snap-On ratchets are clearly photographed. Heads and grips look used; pawl engagement and swivel friction cannot be verified visually.,review-previews/18409.jpg
18468,"(1) Ingersoll-Rand, model unknown, 3/8"" drive air impact tool, and (1) Ingersoll-Rand, model 2235, 3...",General shop tools,5,95,225,35,4,Two older gray Ingersoll-Rand air impacts and a short hose are photographed. Both show grime/used housings; the exact model and drive size of each require a nameplate check and air test.,Current-source contact sheet visually reviewed; function/comps unverified,https://d1ljvnrgb7j023.cloudfront.net/files/1/24ec637db942630b443d/large,Contact-sheet reviewed,Two older gray Ingersoll-Rand air impacts and a short hose are photographed. Both show grime/used housings; the exact model and drive size of each require a nameplate check and air test.,review-previews/18468.jpg
18511,"Lot of assorted inspection equipment, includes pin gauges, small hole gauges, depth micrometers, mic...",General shop tools,5,115,335,35,17,"Large assortment of micrometers, dial indicators, internal gauges and cases, some with visible old labels and grime. Multiple measuring instruments may be useful, but calibration/rust/complete kit status unproven.",Current-source contact sheet visually reviewed; function/comps unverified,https://d1ljvnrgb7j023.cloudfront.net/files/1/29cc4e9d475a5adf7fbb/large,Contact-sheet reviewed,"Large assortment of micrometers, dial indicators, internal gauges and cases, some with visible old labels and grime. Multiple measuring instruments may be useful, but calibration/rust/complete kit status unproven.",review-previews/18511.jpg
18115,"(1) gas powered 20"" x 16"" compactor with a Honda GX140, 5 HP gas engine, engine pulls through and ha...",Power and hydraulics,5,130,330,40,5,Dusty Honda GX140 motor mounted to a circular compactor/base; paint is heavily worn. A large separate object alongside it is not necessarily included. Pull-through/compression alone does not establish compaction function; test eccentric and clutch.,Source-verified batch 02 visual review; functional/comps pending,https://d1ljvnrgb7j023.cloudfront.net/files/1/61f5d58e192ea7e82abe/large,Batch 02: all catalog images reviewed,Dusty Honda GX140 motor mounted to a circular compactor/base; paint is heavily worn. A large separate object alongside it is not necessarily included. Pull-through/compression alone does not establish compaction function; test eccentric and clutch.,review-previews/batch-02/18115.jpg
18116,"(1) 20"" x 16"" gas powered compactor with a 212cc Predator gas engine, engine pulls through and has c...",Power and hydraulics,5,140,310,40,5,"Predator-powered plate compactor with attached handle appears reasonably complete but dusty and used. Check engine cold start, exciter/vibration, handle attachment and plate flatness.",Source-verified batch 02 visual review; functional/comps pending,https://d1ljvnrgb7j023.cloudfront.net/files/1/0eb562583d9513d6fb9c/large,Batch 02: all catalog images reviewed,"Predator-powered plate compactor with attached handle appears reasonably complete but dusty and used. Check engine cold start, exciter/vibration, handle attachment and plate flatness.",review-previews/batch-02/18116.jpg
18133,"(1) new Predator Engines 212 CC OHV horizontal shaft gas engine in box, unopened.",Power and hydraulics,5,80,145,40,5,"Predator 212cc engine packaging is shown from four sides, somewhat dusty and scuffed. Contents and original factory seals are not independently verified; inspect box before treating as new.",Current-source contact sheet visually reviewed; function/comps unverified,https://d1ljvnrgb7j023.cloudfront.net/files/1/9523db230d4876fe16cc/large,Contact-sheet reviewed,"Predator 212cc engine packaging is shown from four sides, somewhat dusty and scuffed. Contents and original factory seals are not independently verified; inspect box before treating as new.",review-previews/18133.jpg
18197,"(1) Kar Products, 20"" width x 8"" height x 17"" depth, 2-drawer hardware storage unit, with assorted t...",General shop tools,5,110,270,40,18,Tap/die cabinet; check tap condition and completeness.,Provisional description-based estimate; all images and sold comps pending,https://d1ljvnrgb7j023.cloudfront.net/files/1/8ad875cc40ff8a3ef168/large,Pending,,
18209,"(1) Coats, model 1010, Super Powermate tire changer with assorted tools, working condition unknown.",Tires and wheels,5,150,420,40,4,"Corrected current-source images show a dirty older red Coats machine, not the unrelated older archived photos. Operation, bead breaker and motor are unverified; expensive pickup and storage.",Current-source contact sheet visually reviewed; function/comps unverified,https://d1ljvnrgb7j023.cloudfront.net/files/1/a991a3aff45629c3a1f6/large,Contact-sheet reviewed,"Corrected current-source images show a dirty older red Coats machine, not the unrelated older archived photos. Operation, bead breaker and motor are unverified; expensive pickup and storage.",review-previews/18209.jpg
18226,"(1) Spectra Precision Laser receiver, model LR50, with case, and magnetic mounting bar, in working c...",Branded hand and power tools,5,115,290,40,9,"Spectra Precision LR50 receiver and fitted case shown with mounting bar, packaged instructions and apparently present battery cover. No powered-on demonstration in photographs. Check whether the battery and receiver function.",Source-verified batch 02 visual review; functional/comps pending,https://d1ljvnrgb7j023.cloudfront.net/files/1/0c1e23fa390401385fe7/large,Batch 02: all catalog images reviewed,"Spectra Precision LR50 receiver and fitted case shown with mounting bar, packaged instructions and apparently present battery cover. No powered-on demonstration in photographs. Check whether the battery and receiver function.",review-previews/batch-02/18226.jpg
18437,"Lot including (1) Snap-On, model MG325, 3/8"" drive air impact tool, (2) Snap-On air chisel tools, an...",Snap-On and mechanic tools,5,100,265,40,8,Snap-On air impact and several pneumatic chisels/ratchets are photographed together with short hose. The impact housing is visibly worn; no functional air test supplied.,Current-source contact sheet visually reviewed; function/comps unverified,https://d1ljvnrgb7j023.cloudfront.net/files/1/09f8388988a7a98366d5/large,Contact-sheet reviewed,Snap-On air impact and several pneumatic chisels/ratchets are photographed together with short hose. The impact housing is visibly worn; no functional air test supplied.,review-previews/18437.jpg
18462,"Set of box end/ratchet end wrenches, sizes 5/16"" up to 3/4"", (1) set of Gear Wrench brand box end/ra...",Snap-On and mechanic tools,5,105,235,40,7,"Two separate groups of GearWrench/mixed ratcheting wrenches are pictured, including large and small sizes. Finish shows use, but exact set completeness and ratchet function remain unknown.",Current-source contact sheet visually reviewed; function/comps unverified,https://d1ljvnrgb7j023.cloudfront.net/files/1/1f996dbcc16107263669/large,Contact-sheet reviewed,"Two separate groups of GearWrench/mixed ratcheting wrenches are pictured, including large and small sizes. Finish shows use, but exact set completeness and ratchet function remain unknown.",review-previews/18462.jpg
18412,"Lot including (1) 1/2"" drive Snap-On ratchet with 8"" handle, (1) 1/2"" drive Snap-On ratchet with 12""...",Snap-On and mechanic tools,5,105,240,42,7,Two used long/short chrome Snap-On ratchets and long breaker bar are isolated in their box. Visible plating wear but no obvious gross deformation; check pawl and flexible joint movement.,Current-source contact sheet visually reviewed; function/comps unverified,https://d1ljvnrgb7j023.cloudfront.net/files/1/7b30a3abc9893170e488/large,Contact-sheet reviewed,Two used long/short chrome Snap-On ratchets and long breaker bar are isolated in their box. Visible plating wear but no obvious gross deformation; check pawl and flexible joint movement.,review-previews/18412.jpg
18530,"(1) wood work bench, 114"" long x approx. 30"" deep x 33"" tall, includes 5"" Wilton bench vise, and man...",Branded hand and power tools,5,140,345,42,7,"Very long worn wooden workbench with five-inch Wilton vise and wall/bench-mounted manual air-hose reel. Vise jaw faces visibly battered and top has severe wear; loose tools, cylinders and items around the bench are NOT included per catalog.",Source-verified batch 02 visual review; functional/comps pending,https://d1ljvnrgb7j023.cloudfront.net/files/1/697b685f3691be494ba6/large,Batch 02: all catalog images reviewed,"Very long worn wooden workbench with five-inch Wilton vise and wall/bench-mounted manual air-hose reel. Vise jaw faces visibly battered and top has severe wear; loose tools, cylinders and items around the bench are NOT included per catalog.",review-previews/batch-02/18530.jpg
18582,"(1) The Harrington Differential chain hoist with I-beam trolley bracket, hoist and bracket only, doe...",Rigging and towing,5,125,370,42,4,"Harrington differential chain hoist and I-beam trolley remain installed overhead with long hanging chain; only the hoist/trolley bracket is included, beam excluded. Inspect hook, chain, free lifting and removal access; manufacturer plate not fully legible.",Source-verified batch 02 visual review; functional/comps pending,https://d1ljvnrgb7j023.cloudfront.net/files/1/a0e8c0d9885d1d40f9f1/large,Batch 02: all catalog images reviewed,"Harrington differential chain hoist and I-beam trolley remain installed overhead with long hanging chain; only the hoist/trolley bracket is included, beam excluded. Inspect hook, chain, free lifting and removal access; manufacturer plate not fully legible.",review-previews/batch-02/18582.jpg
18151,"Lot including (3) approx. 20' long chains with 3/8"" hooks, (3) 2"" tow straps (2 approx. 20' long, 1 ...",Rigging and towing,5,105,250,45,7,Chains and tow straps; inspect tags and damage; not automatically lifting-rated.,Provisional description-based estimate; all images and sold comps pending,https://d1ljvnrgb7j023.cloudfront.net/files/1/1ef372ddfc3da4bb5ae1/large,Pending,,
18301,"(3) sections of Tear Drop style pallet racking, includes (4) 42"" deep x 105"" tall uprights, (18) app...",Bulk materials and racking,5,230,600,45,6,"Three sections of tall pallet racking and wire mesh decking visible, with considerable surface rust and dirt piled near bases. Catalog requires self-disassembly; measure uprights, beams, deck clips and all bolt connections before pickup.",Source-verified batch 02 visual review; functional/comps pending,https://d1ljvnrgb7j023.cloudfront.net/files/1/67c0de4cb93b089b14e1/large,Batch 02: all catalog images reviewed,"Three sections of tall pallet racking and wire mesh decking visible, with considerable surface rust and dirt piled near bases. Catalog requires self-disassembly; measure uprights, beams, deck clips and all bolt connections before pickup.",review-previews/batch-02/18301.jpg
18487,"(1) Ridgid brake line flaring tool, (3) various brake line bending tools, (1) Old Forge #7203, doubl...",Branded hand and power tools,5,135,305,45,10,"Several red cases of Ridgid and Blue Point double-flaring tools plus benders are photographed. Some molded cavities look empty, so count dies/collets and test clamps before resale.",Current-source contact sheet visually reviewed; function/comps unverified,https://d1ljvnrgb7j023.cloudfront.net/files/1/0b08a3a5dbeb65ad1d70/large,Contact-sheet reviewed,"Several red cases of Ridgid and Blue Point double-flaring tools plus benders are photographed. Some molded cavities look empty, so count dies/collets and test clamps before resale.",review-previews/18487.jpg
18567,"(1) Sioux valve seat grinder, appears to be in working condition, unknown if complete.",General shop tools,5,90,290,45,6,"Sioux valve-seat grinding driver and several stones/pilots are stored in a metal case with original instruction sheet. Looks more complete than a bare driver, but important adapters and stone condition are unverified.",Current-source contact sheet visually reviewed; function/comps unverified,https://d1ljvnrgb7j023.cloudfront.net/files/1/9ccda228c2ea770ec17d/large,Contact-sheet reviewed,"Sioux valve-seat grinding driver and several stones/pilots are stored in a metal case with original instruction sheet. Looks more complete than a bare driver, but important adapters and stone condition are unverified.",review-previews/18567.jpg
18225,"(1) Apache Bullseye III, laser receiver, with case and measuring stick, battery powered, in working ...",General industrial surplus,5,135,295,48,8,"Apache Bullseye III laser receiver, case and stick are photographed; two images show its LED indicators illuminated. This supports power-on only, not accuracy or receiver calibration; verify mount and compatibility.",Source-verified batch 02 visual review; functional/comps pending,https://d1ljvnrgb7j023.cloudfront.net/files/1/c1360672a45ef88ca5e2/large,Batch 02: all catalog images reviewed,"Apache Bullseye III laser receiver, case and stick are photographed; two images show its LED indicators illuminated. This supports power-on only, not accuracy or receiver calibration; verify mount and compatibility.",review-previews/batch-02/18225.jpg
18597,"Large lot of standard heavy duty impact sockets, sizes 1 1/16"" up to 3 1/8"", and Snap-On 1"" to 3/4"" ...",Branded hand and power tools,5,120,360,48,11,"Large collection of heavy-duty impact sockets and truck hub sockets arranged on labeled wall boards, with widely varied finishes and some rust. Photos may include adjacent lots; count exactly which sockets transfer, verify sizes, cracks and transport.",Source-verified batch 02 visual review; functional/comps pending,https://d1ljvnrgb7j023.cloudfront.net/files/1/7c524db523d4763f5215/large,Batch 02: all catalog images reviewed,"Large collection of heavy-duty impact sockets and truck hub sockets arranged on labeled wall boards, with widely varied finishes and some rust. Photos may include adjacent lots; count exactly which sockets transfer, verify sizes, cracks and transport.",review-previews/batch-02/18597.jpg
18117,"(1) Stone, model 938, 20"" x 16"" gas powered compactor with a 212cc Predator gas engine, engine pulls...",Power and hydraulics,5,175,370,50,8,"Stone-branded plate chassis and fitted black Predator motor shown with prominent dirt and surface oxidation. Test eccentric bearings, clutch and running vibration; old plate may need repair despite newer engine.",Source-verified batch 02 visual review; functional/comps pending,https://d1ljvnrgb7j023.cloudfront.net/files/1/634a5a14d6059378b0b9/large,Batch 02: all catalog images reviewed,"Stone-branded plate chassis and fitted black Predator motor shown with prominent dirt and surface oxidation. Test eccentric bearings, clutch and running vibration; old plate may need repair despite newer engine.",review-previews/batch-02/18117.jpg
18138,"(1) Stihl, model unknown, gas powered 14"" concrete saw, engine pulls through and has compression, wo...",Branded hand and power tools,5,165,400,50,5,"Stihl cut-off saw is visibly very dusty and hard-used with a full guard, pull-start assembly and cutter in photos. Exact model remains unconfirmed; verify cold start and engine before applying working-saw resale scenarios.",Current-source contact sheet visually reviewed; function/comps unverified,https://d1ljvnrgb7j023.cloudfront.net/files/1/79ef331fc0bb2b6f58ff/large,Contact-sheet reviewed,"Stihl cut-off saw is visibly very dusty and hard-used with a full guard, pull-start assembly and cutter in photos. Exact model remains unconfirmed; verify cold start and engine before applying working-saw resale scenarios.",review-previews/18138.jpg
18193,"(1) Milwaukee, Cat #1675-1, heavy duty hole hawg drill with steel case.",Branded hand and power tools,5,110,265,50,4,"Milwaukee Hole Hawg, auxiliary handle and metal case appear together. Clearly used but no obvious missing handle; test chuck, low/high gearing, reverse and insulation.",Current-source contact sheet visually reviewed; function/comps unverified,https://d1ljvnrgb7j023.cloudfront.net/files/1/4cbbfea023c534dfc57a/large,Contact-sheet reviewed,"Milwaukee Hole Hawg, auxiliary handle and metal case appear together. Clearly used but no obvious missing handle; test chuck, low/high gearing, reverse and insulation.",review-previews/18193.jpg
18216,"(1) Gardner-Denver, model ADD-608961011, approx. 60-gallon capacity air compressor with a 230/460V, ...",Power and hydraulics,5,185,450,50,5,"Corrected photos show a green Gardner-Denver-style compressor on a horizontal tank and a Lincoln nameplate identifying 3-phase 230/460V. Surface oxidation/dust visible; verify motor, tank integrity and air output before removal.",Current-source contact sheet visually reviewed; function/comps unverified,https://d1ljvnrgb7j023.cloudfront.net/files/1/113d83bad261cf01b522/large,Contact-sheet reviewed,"Corrected photos show a green Gardner-Denver-style compressor on a horizontal tank and a Lincoln nameplate identifying 3-phase 230/460V. Surface oxidation/dust visible; verify motor, tank integrity and air output before removal.",review-previews/18216.jpg
18324,"(1) Ford 90I, 60"", 3 pt. brush hog, PTO driven, S/N 47431.",Farm equipment,5,165,470,50,7,"Five-foot Ford rotary cutter with visible PTO shaft and rear chain curtain, but deck/hitch steel shows widespread heavy rust and debris. Check gearbox oil, blade carrier play, deck holes and possible wheel/hitch repairs.",Source-verified batch 02 visual review; functional/comps pending,https://d1ljvnrgb7j023.cloudfront.net/files/1/f2b522448be2426ca590/large,Batch 02: all catalog images reviewed,"Five-foot Ford rotary cutter with visible PTO shaft and rear chain curtain, but deck/hitch steel shows widespread heavy rust and debris. Check gearbox oil, blade carrier play, deck holes and possible wheel/hitch repairs.",review-previews/batch-02/18324.jpg
18401,"Lot including (1) set of 3/8"" drive Snap-On swivel sockets, sizes 3/8"" up to 3/4"", (1) Snap-On appro...",Snap-On and mechanic tools,5,145,290,50,5,"Black swivel-impact socket row and large specialty nut sockets are arranged in a single lot box; visually used but no obvious socket cracks at thumbnail resolution. Check Snap-On stamps, exact sizes and drive-square wear.",Current-source contact sheet visually reviewed; function/comps unverified,https://d1ljvnrgb7j023.cloudfront.net/files/1/24711f81cc4bcc9f1ff7/large,Contact-sheet reviewed,"Black swivel-impact socket row and large specialty nut sockets are arranged in a single lot box; visually used but no obvious socket cracks at thumbnail resolution. Check Snap-On stamps, exact sizes and drive-square wear.",review-previews/18401.jpg
18421,"Set of Snap-On metric wrenches, size 10mm up to 19mm.",Snap-On and mechanic tools,5,135,290,50,5,"Ten-ish matching-looking metric chrome Snap-On wrenches sit in a tray with visible wear and fingerprints. Verify sizes 10–19 mm, jaw spread and any missing/duplicate piece.",Current-source contact sheet visually reviewed; function/comps unverified,https://d1ljvnrgb7j023.cloudfront.net/files/1/c9d868350a16caeaeab1/large,Contact-sheet reviewed,"Ten-ish matching-looking metric chrome Snap-On wrenches sit in a tray with visible wear and fingerprints. Verify sizes 10–19 mm, jaw spread and any missing/duplicate piece.",review-previews/18421.jpg
18451,"Lot of assorted Snap-On needle nose pliers, side cutters, channel locks, curved needle nose pliers, ...",Snap-On and mechanic tools,5,125,285,50,9,"Substantial mixed group of red-handle Snap-On pliers and cutters, with apparent scratches, dirt and handle wear. Check cutting edges, jaw alignment and whether all pieces bear expected stamps.",Current-source contact sheet visually reviewed; function/comps unverified,https://d1ljvnrgb7j023.cloudfront.net/files/1/e03c52151739844d6215/large,Contact-sheet reviewed,"Substantial mixed group of red-handle Snap-On pliers and cutters, with apparent scratches, dirt and handle wear. Check cutting edges, jaw alignment and whether all pieces bear expected stamps.",review-previews/18451.jpg
18538,"(1) Ingersoll-Rand 1"" pneumatic impact gun, and (1) Ingersoll-Rand 3/4"" impact gun.",General industrial surplus,5,150,400,50,6,"Two large Ingersoll-Rand impacts are visibly dirty, with substantial finish wear and some oxidized surfaces. No test under adequate air pressure; price reflects repair and slow freight risk.",Current-source contact sheet visually reviewed; function/comps unverified,https://d1ljvnrgb7j023.cloudfront.net/files/1/bbece1fe913473b89a71/large,Contact-sheet reviewed,"Two large Ingersoll-Rand impacts are visibly dirty, with substantial finish wear and some oxidized surfaces. No test under adequate air pressure; price reflects repair and slow freight risk.",review-previews/18538.jpg
18544,"Lot of (3) 4-drawer parts organizers with contents including square keys, woodruff keys, cable ties,...",General industrial surplus,5,155,370,50,15,"Three similar labeled organizers display many keys, cable ties, lugs, terminal hardware, hose connections and assorted small pieces. Mixed old stock and some unfilled cavities; inspect corrosion and whether cabinets slide freely.",Source-verified batch 02 visual review; functional/comps pending,https://d1ljvnrgb7j023.cloudfront.net/files/1/335ffbbd1428b04f3829/large,Batch 02: all catalog images reviewed,"Three similar labeled organizers display many keys, cable ties, lugs, terminal hardware, hose connections and assorted small pieces. Mixed old stock and some unfilled cavities; inspect corrosion and whether cabinets slide freely.",review-previews/batch-02/18544.jpg
18353,"(1) approx. 1000-gallon fuel tank with duel Gas Boy, model 73DSL, 12V electric pump, hose, and nozzl...",Power and hydraulics,5,245,620,52,11,"Second red/blue 1000-gallon steel tank with two yellow Gasboy pumps and electronic meter pictured. Surface rust and chipped paint at seams; hoses and pumps appear old. Test both pumps/meters, confirm tank interior and ensure legal installation.",Source-verified batch 02 visual review; functional/comps pending,https://d1ljvnrgb7j023.cloudfront.net/files/1/af9e810d51a12015f4b9/large,Batch 02: all catalog images reviewed,"Second red/blue 1000-gallon steel tank with two yellow Gasboy pumps and electronic meter pictured. Surface rust and chipped paint at seams; hoses and pumps appear old. Test both pumps/meters, confirm tank interior and ensure legal installation.",review-previews/batch-02/18353.jpg
18545,"Lot of (3) 4-drawer pull out parts organizers with contents including metric bolts, socket head cap ...",General shop tools,5,150,385,54,14,"Three labeled compartment cabinets show metric socket-cap fasteners, set screws, roll pins and snap rings, with multiple trays visibly stocked. Some compartments are sparse and stock identification may take hours.",Source-verified batch 02 visual review; functional/comps pending,https://d1ljvnrgb7j023.cloudfront.net/files/1/ad26e074aada71bd1444/large,Batch 02: all catalog images reviewed,"Three labeled compartment cabinets show metric socket-cap fasteners, set screws, roll pins and snap rings, with multiple trays visibly stocked. Some compartments are sparse and stock identification may take hours.",review-previews/batch-02/18545.jpg
18435,Lot of (8) Snap-On heavy duty pry bar tools.,Snap-On and mechanic tools,5,145,360,55,4,"Long Snap-On pry bars appear in one box, with dark patina on several shafts; no visibly fractured bars in contact sheet. Check that all eight belong to the lot and none are bent at the tip.",Current-source contact sheet visually reviewed; function/comps unverified,https://d1ljvnrgb7j023.cloudfront.net/files/1/0b0ff60b73950f42e395/large,Contact-sheet reviewed,"Long Snap-On pry bars appear in one box, with dark patina on several shafts; no visibly fractured bars in contact sheet. Check that all eight belong to the lot and none are bent at the tip.",review-previews/18435.jpg
18599,"(1) Gray Mills parts washer, model 300A, 1/3 HP, 41"" wide x 30"" deep x approx. 35"" tall, 120V, inclu...",General industrial surplus,5,155,430,55,9,"Gray Mills industrial parts washer shown with lid, metal wash-grating and two removable pans; inside is extremely dirty with apparent old fluid residue. Seller claims works, but test pump and plan responsible solvent disposal and moving.",Source-verified batch 02 visual review; functional/comps pending,https://d1ljvnrgb7j023.cloudfront.net/files/1/9e265cc4fb3ca65a9451/large,Batch 02: all catalog images reviewed,"Gray Mills industrial parts washer shown with lid, metal wash-grating and two removable pans; inside is extremely dirty with apparent old fluid residue. Seller claims works, but test pump and plan responsible solvent disposal and moving.",review-previews/batch-02/18599.jpg
18543,"Lot of (3) 4-drawer pull out parts organizers with contents including fender washers, grease fitting...",General shop tools,5,160,410,57,14,"Three four-drawer Kar-style hardware cabinets on stands visibly contain substantial assorted grease fittings, bolts, valves and small fittings; some tray bins empty/mixed. Value favors own workshop storage; removal, re-sorting and completeness still labor-intensive.",Source-verified batch 02 visual review; functional/comps pending,https://d1ljvnrgb7j023.cloudfront.net/files/1/5f61f14da5207ed3fa4e/large,Batch 02: all catalog images reviewed,"Three four-drawer Kar-style hardware cabinets on stands visibly contain substantial assorted grease fittings, bolts, valves and small fittings; some tray bins empty/mixed. Value favors own workshop storage; removal, re-sorting and completeness still labor-intensive.",review-previews/batch-02/18543.jpg
18118,"(1) Ramco Shop Hand 5000, 5000 lb. capacity engine hoist with extendable arm, and RM8000 long ram ja...",Rigging and towing,5,170,365,60,7,"Ramco Shop Hand 5000 frame and red long-ram jack are present. Paint and chain show wear, but no major frame bend is apparent in reduced-size photos. Test hydraulic hold, hooks, frame welds and caster movement.",Current-source contact sheet visually reviewed; function/comps unverified,https://d1ljvnrgb7j023.cloudfront.net/files/1/6df141850ebf2aa14f85/large,Contact-sheet reviewed,"Ramco Shop Hand 5000 frame and red long-ram jack are present. Paint and chain show wear, but no major frame bend is apparent in reduced-size photos. Test hydraulic hold, hooks, frame welds and caster movement.",review-previews/18118.jpg
18410,"(1) Snap-On 1/4"" drive socket set with ratchet, 2"", 4"", and 6"" extension, 5"" swivel head breaker, sw...",Snap-On and mechanic tools,5,155,325,60,5,"Red cased quarter-inch Snap-On kit appears largely populated with deep and shallow sockets, ratchet and extensions; confirm all molded case slots and smooth ratchet operation.",Current-source contact sheet visually reviewed; function/comps unverified,https://d1ljvnrgb7j023.cloudfront.net/files/1/33bdfdfc4c4a1bc79f66/large,Contact-sheet reviewed,"Red cased quarter-inch Snap-On kit appears largely populated with deep and shallow sockets, ratchet and extensions; confirm all molded case slots and smooth ratchet operation.",review-previews/18410.jpg
18428,"(1) Snap-On 1/2"" drive swivel head, dial type torque wrench, model TQFR250D, with case, and (1) Snap...",Snap-On and mechanic tools,5,145,375,60,8,"Two cased Snap-On dial-type torque wrenches are photographed, both with dial windows visible and used cases. They cannot be assumed calibrated or accurate without an appropriate test.",Current-source contact sheet visually reviewed; function/comps unverified,https://d1ljvnrgb7j023.cloudfront.net/files/1/65c607a31d4423a29e8e/large,Contact-sheet reviewed,"Two cased Snap-On dial-type torque wrenches are photographed, both with dial windows visible and used cases. They cannot be assumed calibrated or accurate without an appropriate test.",review-previews/18428.jpg
18163,"(1) Multiquip, model GA-6RZ, 5500 watt, portable generator, with a Wisconsin, model WI-390, gas engi...",Power and hydraulics,5,245,530,70,8,"Orange MQ Multiquip GA-6RZ framed generator with Wisconsin Robin petrol engine looks substantially assembled, weathered and dusty, controls visible. Badge indicates 5500W panel despite 6000 case marking; function/output wholly untested.",Source-verified batch 02 visual review; functional/comps pending,https://d1ljvnrgb7j023.cloudfront.net/files/1/8e96efcc06e25b8c7553/large,Batch 02: all catalog images reviewed,"Orange MQ Multiquip GA-6RZ framed generator with Wisconsin Robin petrol engine looks substantially assembled, weathered and dusty, controls visible. Badge indicates 5500W panel despite 6000 case marking; function/output wholly untested.",review-previews/batch-02/18163.jpg
18406,"(2) sets of Snap-On deep impact sockets, both 3/8"" drive, 1 has sizes 17mm up to 27mm, 1 has sizes 9...",Snap-On and mechanic tools,5,180,395,70,5,"Two organized deep impact socket rows in red and black holders are visible, with used finish but no obvious catastrophic damage. Confirm advertised SAE/metric sets and individual missing sizes.",Current-source contact sheet visually reviewed; function/comps unverified,https://d1ljvnrgb7j023.cloudfront.net/files/1/ba41206670f3f667859f/large,Contact-sheet reviewed,"Two organized deep impact socket rows in red and black holders are visible, with used finish but no obvious catastrophic damage. Confirm advertised SAE/metric sets and individual missing sizes.",review-previews/18406.jpg
18110,"(1) Blue Point 30"" width x 32"" height x 16"" depth, 2-tier steel shop cart, and (1) Blue Point 30"" le...",Branded hand and power tools,5,175,440,75,9,"Both Blue Point shop carts are present: an open two-tier cart and a four-drawer rolling unit with fold-out tray. Trays and lower compartments show grime, chipped paint and surface oxidation. Photograph contents may belong to other lots; test drawers, locks and casters.",Source-verified batch 02 visual review; functional/comps pending,https://d1ljvnrgb7j023.cloudfront.net/files/1/67e94e19779bbc513582/large,Batch 02: all catalog images reviewed,"Both Blue Point shop carts are present: an open two-tier cart and a four-drawer rolling unit with fold-out tray. Trays and lower compartments show grime, chipped paint and surface oxidation. Photograph contents may belong to other lots; test drawers, locks and casters.",review-previews/batch-02/18110.jpg
18568,"(1) Sioux valve face grinding machine, with metal table, 110V, believed to be in working condition.",General industrial surplus,5,255,660,75,7,"Dusty Sioux valve-face grinder appears largely assembled on a steel stand/table with operating levers and motor housing. Check spindle play, stone integrity, controls and actual power.",Current-source contact sheet visually reviewed; function/comps unverified,https://d1ljvnrgb7j023.cloudfront.net/files/1/d31a2cdeb5d1e6bb4a04/large,Contact-sheet reviewed,"Dusty Sioux valve-face grinder appears largely assembled on a steel stand/table with operating levers and motor housing. Check spindle play, stone integrity, controls and actual power.",review-previews/18568.jpg
18176,"(1) Leica Rugby 280DG rotary laser with padded case, aluminum tripod, and measuring stick, lot also ...",Branded hand and power tools,5,235,660,80,5,"Yellow Leica Rugby 280DG instrument, aluminum tripod, receiver/controller accessories and leveling staff are photographed crowded on shelf. No powered-on or calibration photograph. Check complete parts, receiver function and slope/leveling accuracy.",Source-verified batch 02 visual review; functional/comps pending,https://d1ljvnrgb7j023.cloudfront.net/files/1/67141a08ee70e5dab56b/large,Batch 02: all catalog images reviewed,"Yellow Leica Rugby 280DG instrument, aluminum tripod, receiver/controller accessories and leveling staff are photographed crowded on shelf. No powered-on or calibration photograph. Check complete parts, receiver function and slope/leveling accuracy.",review-previews/batch-02/18176.jpg
18402,"Set of Snap-On 1/4"" drive, 12 pt. sockets with ratchet with removable head, (1) set of Snap-On 1/4"" ...",Snap-On and mechanic tools,5,190,410,80,5,Several red Snap-On rails/cases with chrome shallow/deep sockets and a ratchet are photographed. Mixed pieces and case slots need a physical count; surface appearance broadly serviceable.,Current-source contact sheet visually reviewed; function/comps unverified,https://d1ljvnrgb7j023.cloudfront.net/files/1/735b8d6f7afcaf9c272f/large,Contact-sheet reviewed,Several red Snap-On rails/cases with chrome shallow/deep sockets and a ratchet are photographed. Mixed pieces and case slots need a physical count; surface appearance broadly serviceable.,review-previews/18402.jpg
18405,"Set of Snap-On 3/8"" drive sockets, sizes range between 1/4"" up to 7/8"", (1) set of Snap-On 3/8"" driv...",Snap-On and mechanic tools,5,180,430,82,4,"Two visibly used but organized Snap-On chrome socket rails plus two ratchets and many deep sockets shown together. Most surfaces bright; compare exact advertised sizes, ratchet pawls and stamps before resale.",Source-verified batch 02 visual review; functional/comps pending,https://d1ljvnrgb7j023.cloudfront.net/files/1/d27f370562dcf154e8aa/large,Batch 02: all catalog images reviewed,"Two visibly used but organized Snap-On chrome socket rails plus two ratchets and many deep sockets shown together. Most surfaces bright; compare exact advertised sizes, ratchet pawls and stamps before resale.",review-previews/batch-02/18405.jpg
18453,"Lot including (1) Snap-On 3/4"" drive ratchet with approx. 36"" handle, (1) Snap-On 1"" drive ratchet w...",Snap-On and mechanic tools,5,205,490,83,5,Oversized 3/4-inch and 1-inch Snap-On ratchets plus 1-inch breaker bar photographed on bare floor; heads show cosmetic wear and heavy handles. Ratchet head engagement and bar straightness cannot be confirmed visually.,Source-verified batch 02 visual review; functional/comps pending,https://d1ljvnrgb7j023.cloudfront.net/files/1/01e3b51da3ed6b44ba65/large,Batch 02: all catalog images reviewed,Oversized 3/4-inch and 1-inch Snap-On ratchets plus 1-inch breaker bar photographed on bare floor; heads show cosmetic wear and heavy handles. Ratchet head engagement and bar straightness cannot be confirmed visually.,review-previews/batch-02/18453.jpg
18211,"Lot including (1) Milwaukee, Cat #2864-29, 3/4"" square ring, 18V rechargeable impact wrench, (1) Mil...",Branded hand and power tools,5,205,455,85,7,"Two visibly used Milwaukee M18 power tools with two attached batteries, another pack/charger in the lot photos. Several case labels are abraded; test both under load and verify battery charge retention before trusting resale value.",Current-source contact sheet visually reviewed; function/comps unverified,https://d1ljvnrgb7j023.cloudfront.net/files/1/b506a8d78fda95bbd58b/large,Contact-sheet reviewed,"Two visibly used Milwaukee M18 power tools with two attached batteries, another pack/charger in the lot photos. Several case labels are abraded; test both under load and verify battery charge retention before trusting resale value.",review-previews/18211.jpg
18417,"Set of Snap-On wrenches, size 9/32"" up to 3/4"", (1) set of Snap-On stubby wrenches, sizes 7/16"", 1/2...",Snap-On and mechanic tools,5,215,475,87,6,"Multiple Snap-On combination wrench groups and stubby/metric small wrenches in metal rack, with some bright and some worn chrome. Advertised size spans need physical inventory and checking for rounded open-end jaws.",Source-verified batch 02 visual review; functional/comps pending,https://d1ljvnrgb7j023.cloudfront.net/files/1/de68a161b9a8cd25651d/large,Batch 02: all catalog images reviewed,"Multiple Snap-On combination wrench groups and stubby/metric small wrenches in metal rack, with some bright and some worn chrome. Advertised size spans need physical inventory and checking for rounded open-end jaws.",review-previews/batch-02/18417.jpg
18119,"(1) Ramco, model RS-90P, metal cutting band saw with approx. 16"" x 10"" cut area, S/N 12386, equipped...",Power and hydraulics,5,290,650,90,10,"Ramco RS-90P bandsaw and separate height-adjustable stock stand pictured, with Baldor single-phase-capable nameplate and spare Goodyear belt in the machine. Dirty chip tray and working condition unverified; inspect blade guides, vise, gearbox and straight cut under power.",Source-verified batch 02 visual review; functional/comps pending,https://d1ljvnrgb7j023.cloudfront.net/files/1/5f4aecd1ea6d1013be6e/large,Batch 02: all catalog images reviewed,"Ramco RS-90P bandsaw and separate height-adjustable stock stand pictured, with Baldor single-phase-capable nameplate and spare Goodyear belt in the machine. Dirty chip tray and working condition unverified; inspect blade guides, vise, gearbox and straight cut under power.",review-previews/batch-02/18119.jpg
18404,"Lot of Snap-On impact sockets, includes 3/8"" drive, sizes 5/16"" up to 1"", (1) set of Snap-On 1/2"" dr...",Snap-On and mechanic tools,5,215,495,90,4,"Large set of impact sockets fills orange and black holders and a loose box. Neighboring lot labels appear in the background, so count only the clearly isolated 18404 groups; verify stamps and socket cracks.",Current-source contact sheet visually reviewed; function/comps unverified,https://d1ljvnrgb7j023.cloudfront.net/files/1/0792055abf5b26ff72ab/large,Contact-sheet reviewed,"Large set of impact sockets fills orange and black holders and a loose box. Neighboring lot labels appear in the background, so count only the clearly isolated 18404 groups; verify stamps and socket cracks.",review-previews/18404.jpg
18408,"Lot including (1) set of Snap-On sockets (1/4"" drive, 3/8"" drive, and 1/2"" drive), 1/4"" sizes from 4...",Snap-On and mechanic tools,5,265,600,100,8,"Multiple chrome Snap-On socket rows, accessories and at least one clear full-size ratchet are visible, plus loose bits. Worth separating sets if reselling; inspect drive condition and avoid assuming every tool in adjacent display belongs to the lot.",Current-source contact sheet visually reviewed; function/comps unverified,https://d1ljvnrgb7j023.cloudfront.net/files/1/b407d47a1d7c02f1545f/large,Contact-sheet reviewed,"Multiple chrome Snap-On socket rows, accessories and at least one clear full-size ratchet are visible, plus loose bits. Worth separating sets if reselling; inspect drive condition and avoid assuming every tool in adjacent display belongs to the lot.",review-previews/18408.jpg
18123,"(1) Miller, model AED-200LE, constant current AC/DC arc welder/generator, S/N JH202466 (120/240V-5 K...",Welding and gas,5,320,760,110,10,"Miller AEAD-200LE engine-driven welder is visibly dusty but appears to have heavy electrode cables and its Onan motor. No evidence of running or welding output; test Onan cold start, 120/240V and AC/DC weld current before more than a speculative bid.",Source-verified batch 02 visual review; functional/comps pending,https://d1ljvnrgb7j023.cloudfront.net/files/1/cd76125f5a383defb445/large,Batch 02: all catalog images reviewed,"Miller AEAD-200LE engine-driven welder is visibly dusty but appears to have heavy electrode cables and its Onan motor. No evidence of running or welding output; test Onan cold start, 120/240V and AC/DC weld current before more than a speculative bid.",review-previews/batch-02/18123.jpg
18580,"(1) Imperial Eastman Kwikrimp, hydraulic crimping machine, model K501, S/N 5666, 120V, includes 14"" ...",Power and hydraulics,5,520,1400,160,13,"Imperial Eastman Kwikrimp press, separate saw and two storage cabinets of hydraulic hose fittings pictured with several labeled die sets, moderate dirt but machine looks assembled. Catalog claims working; check exact crimp die set compatibility, press operation and cutting guard.",Source-verified batch 02 visual review; functional/comps pending,https://d1ljvnrgb7j023.cloudfront.net/files/1/99d8d3eab59cce00138b/large,Batch 02: all catalog images reviewed,"Imperial Eastman Kwikrimp press, separate saw and two storage cabinets of hydraulic hose fittings pictured with several labeled die sets, moderate dirt but machine looks assembled. Catalog claims working; check exact crimp die set compatibility, press operation and cutting guard.",review-previews/batch-02/18580.jpg
18554,"(1) Bridgeport vertical milling machine, S/N J750B, S/N 27052, 42"" x 9"" slotted table, 1 HP, 220/440...",Power and hydraulics,5,1050,3200,245,12,"Older one-HP Bridgeport vertical mill, 9-by-42-inch table, machinist vise, manual feeds and step-pulley head pictured; heavy dust and surface wear visible on table and column. 220/440V three-phase; verify spindle, knee/backlash, milling accuracy and professional rigging costs.",Source-verified batch 02 visual review; functional/comps pending,https://d1ljvnrgb7j023.cloudfront.net/files/1/0949ed52472ed05b15ab/large,Batch 02: all catalog images reviewed,"Older one-HP Bridgeport vertical mill, 9-by-42-inch table, machinist vise, manual feeds and step-pulley head pictured; heavy dust and surface wear visible on table and column. 220/440V three-phase; verify spindle, knee/backlash, milling accuracy and professional rigging costs.",review-previews/batch-02/18554.jpg
18366,"1990 Interstate T20DT Tag Trailer 10-ton, 201"" x 102"" wide load bed, steel and wood combination with...",Bulk materials and racking,100,1100,3000,280,20,"Ten-ton tandem-axle tilt trailer with air brake hose connections, pintle-style tongue and Michigan plate visible. Several central bed planks look absent/rotted and metal deck/ramps are rusty; verify documented title, tilt hydraulic condition, brake lines and suitable tow vehicle.",Source-verified batch 02 visual review; functional/comps pending,https://d1ljvnrgb7j023.cloudfront.net/files/1/cafe9025f8f73b66188d/large,Batch 02: all catalog images reviewed,"Ten-ton tandem-axle tilt trailer with air brake hose connections, pintle-style tongue and Michigan plate visible. Several central bed planks look absent/rotted and metal deck/ramps are rusty; verify documented title, tilt hydraulic condition, brake lines and suitable tow vehicle.",review-previews/batch-02/18366.jpg
18295,"(1) Sullair single axle, towable air compressor, shows 151 hours, 4-cylinder gas engine, 2"" ball, ma...",Tires and wheels,5,1500,3600,350,10,"Older towable Sullair compressor with complete-looking cabinet, small wheels, hitch, coiled hose and hour meter pictured. Chipped green paint and oxidized fittings; catalog claims runs/operates. Verify pressure output, oil leaks, tire age and trailer documents.",Source-verified batch 02 visual review; functional/comps pending,https://d1ljvnrgb7j023.cloudfront.net/files/1/eec0468c0283495dd6b0/large,Batch 02: all catalog images reviewed,"Older towable Sullair compressor with complete-looking cabinet, small wheels, hitch, coiled hose and hour meter pictured. Chipped green paint and oxidized fittings; catalog claims runs/operates. Verify pressure output, oil leaks, tire age and trailer documents.",review-previews/batch-02/18295.jpg
18400,"(1) Snap-On 50.5"" width x 24"" height x 21.5"" depth 10-drawer tool cabinet with a 50"" width x 38"" hei...",Snap-On and mechanic tools,5,1250,3100,380,23,"Large red Snap-On stacked upper/lower/side cabinets show drawers opening smoothly in photographs and varied hand tools inside many drawers. Overall usable-looking with superficial wear, some empty sections and adhesive residues; count only auction-included contents and inspect drawer slides/locks.",Source-verified batch 02 visual review; functional/comps pending,https://d1ljvnrgb7j023.cloudfront.net/files/1/8aabf24a2e0cdb1ea6cb/large,Batch 02: all catalog images reviewed,"Large red Snap-On stacked upper/lower/side cabinets show drawers opening smoothly in photographs and varied hand tools inside many drawers. Overall usable-looking with superficial wear, some empty sections and adhesive residues; count only auction-included contents and inspect drawer slides/locks.",review-previews/batch-02/18400.jpg
18328,"(1) Massey Ferguson 35 Deluxe wide front tractor, 3 pt., PTO, 4-cylinder gas engine, model Z134, 3-s...",Farm equipment,100,1850,3800,630,15,"Massey Ferguson 35 Deluxe photographed from 15 views: complete-looking faded red body, aged seat, dusty Z134 gas engine, three-point linkage and visible rear tread. Catalog says runs/operates; check cold start, hydraulic lift under load, PTO, brakes and steering.",Source-verified batch 02 visual review; functional/comps pending,https://d1ljvnrgb7j023.cloudfront.net/files/1/a67ce8d291c69512dc55/large,Batch 02: all catalog images reviewed,"Massey Ferguson 35 Deluxe photographed from 15 views: complete-looking faded red body, aged seat, dusty Z134 gas engine, three-point linkage and visible rear tread. Catalog says runs/operates; check cold start, hydraulic lift under load, PTO, brakes and steering.",review-previews/batch-02/18328.jpg
18329,"(1) Ford 4000 tractor, 2-WD, open station, 3 pt., 2075 hours showing, 540 PTO, 3-cylinder diesel eng...",Farm equipment,100,2600,5300,940,13,"Blue Ford 4000 three-cylinder diesel, complete-looking sheet metal, metal rear fenders, visibly worn paint, bucket seat and three-point hitch; rear tires show usable-looking tread. Catalog claims runs/operates, but cold-start, oil leaks, PTO and hydraulics must be witnessed.",Source-verified batch 02 visual review; functional/comps pending,https://d1ljvnrgb7j023.cloudfront.net/files/1/d14256bd699c77c243af/large,Batch 02: all catalog images reviewed,"Blue Ford 4000 three-cylinder diesel, complete-looking sheet metal, metal rear fenders, visibly worn paint, bucket seat and three-point hitch; rear tires show usable-looking tread. Catalog claims runs/operates, but cold-start, oil leaks, PTO and hydraulics must be witnessed.",review-previews/batch-02/18329.jpg
